id,pdf_link
112509,
112511,
112514,
112516,
112518,
112520,
112522,
112524,
112526,
112528,
112530,
112532,
112534,
112536,
112538,
112540,
112542,
112544,
112550,
112552,
112554,
112556,
112558,
112560,
112564,
112566,
112568,
112570,
112572,
112574,
112576,
112578,
112580,
112602,
112604,
112606,
112608,
112610,
112612,
112626,
112629,
112631,
112635,
112637,
112639,
112641,
112643,
112645,
112647,
112649,
112651,
112656,
112658,
112660,
112662,
112664,
112666,
112668,
112670,
112672,
112674,
112676,
112678,
112680,
112682,
112684,
112686,
112688,
112690,
112692,
112695,
112697,
112699,
112717,
112726,
112728,
112730,
112732,
112734,
112736,
112739,
112741,
112743,
112745,
112747,
112749,
112751,
112753,
112755,
112757,
112759,
112761,
112763,
112765,
112767,
112771,
112773,
112775,
112777,
112779,
112781,
112783,
112786,
112789,
112800,
112804,
112806,
112811,
112813,
112826,
112828,
112830,
112832,
112834,
112836,
112841,
112844,
112846,
112848,
112850,
112852,
112854,
112856,
112858,
112860,
112862,
112864,
112866,
112874,
112876,
112878,
112880,
112882,
112884,
112886,
112888,
112890,
112892,
112894,
112896,
112898,
112900,
112902,
112904,
112906,
112908,
112910,
112912,
112914,
112917,
112919,
112921,
112923,
112925,
112927,
112929,
112931,
112933,
112935,
112944,
112947,
112949,
112951,
112953,
112955,
112958,
112961,
112965,
112977,
112981,
112983,
112985,
112987,
112999,
113001,
113003,
113005,
113007,
113009,
113011,
113013,
113015,
113017,
113019,
113021,
113023,
113025,
113027,
113029,
113031,
113033,
113035,
113037,
113039,
113044,
113046,
113048,
113050,
113052,
113054,
113056,
113058,
113060,
113062,
113064,
113066,
113068,
113070,
113072,
113074,
113076,
113078,
113080,
113082,
113084,
113086,
113088,
113093,
113098,
113100,
113105,
113110,
113115,
113117,
113119,
113123,
113125,
113127,
113129,
113136,
113138,
113140,
113142,
113144,
113146,
113148,
113150,
113152,
113154,
113156,
113158,
113165,
113167,
113169,
113173,
113179,
113181,
113184,
113188,
113193,
113198,
113200,
113202,
113204,
113206,
113208,
113210,
113216,
113218,
113220,
113244,
113249,
113252,
113254,
113300,
113302,
113305,
113307,
113309,
113311,
113314,
113316,
113318,
113320,
113323,
113325,
113327,
113329,
113331,
113351,
113353,
113355,
113357,
113370,
113377,
113379,
113390,
113394,
113397,
113411,
113413,
113415,
113417,
113419,
113421,
113424,
113426,
113428,
113430,
113432,
113435,
113437,
113439,
113441,
113443,
113445,
113447,
113449,
113451,
113453,
113455,
113457,
113459,
113461,
113463,
113465,
113467,
113469,
113471,
113473,
113475,
113477,
113479,
113486,
113529,
113531,
113534,
113537,
113540,
113557,
113559,
113561,
113563,
113565,
113567,
113569,
113571,
113573,
113575,
113577,
113579,
113581,
113583,
113585,
113587,
113589,
113591,
113593,
113607,
113609,
113611,
113613,
113615,
113617,
113620,
113622,
113624,
113626,
113628,
113630,
113632,
113647,
113649,
113651,
113653,
113655,
113657,
113659,
113661,
113663,
113665,
113667,
113669,
113671,
113673,
113675,
113677,
113679,
113681,
113683,
113685,
113687,
113689,
113691,
113693,
113695,
113702,
113704,
113712,
113716,
113720,
113726,
113728,
113733,
113742,
113744,
113746,
113748,
113750,
113752,
113754,
113756,
113760,
113762,
113764,
113766,
113768,
113770,
113772,
113774,
113776,
113778,
113780,
113782,
113784,
113787,
113791,
113796,
113800,
113802,
113804,
113806,
113808,
113810,
113812,
113814,
113816,
113818,
113826,
113828,
113830,
113832,
113834,
113836,
113838,
113841,
113843,
113845,
113867,
113869,
113878,
113882,
113884,
113886,
113888,
113890,
113892,
113894,
113896,
113898,
113900,
113902,
113904,
113906,
113908,
113910,
113912,
113914,
113916,
113918,
113920,
113922,
113924,
113926,
113928,
113930,
113932,
113934,
113936,
113938,
113940,
113942,
113967,
113969,
113971,
113973,
113975,
114003,
114009,
114011,
114013,
114015,
114017,
114019,
114021,
114023,
114025,
114027,
114030,
114032,
114035,
114037,
114039,
114041,
114043,
114045,
114047,
114051,
114053,
114121,
114123,
114125,
114127,
114131,
114133,
114139,
114141,
114166,
114168,
114178,
114180,
114189,
114194,
114196,
114219,
114228,
114232,
114234,
114236,
114238,
114240,
114248,
114250,
114252,
114254,
114256,
114262,
114264,
114266,
114268,
114270,
114272,
114274,
114276,
114278,
114282,
114284,
114286,
114288,
114290,
114292,
114294,
114296,
114298,
114300,
114302,
114305,
114307,
114309,
114313,
114315,
114318,
114320,
114322,
114324,
114326,
114328,
114330,
114332,
114337,
114339,
114341,
114343,
114345,
114347,
114349,
114351,
114353,
114355,
114357,
114369,
114371,
114373,
114375,
114377,
114379,
114381,
114383,
114385,
114387,
114389,
114392,
114394,
114396,
114398,
114401,
114403,
114405,
114407,
114409,
114411,
114413,
114419,
114423,
114465,
114467,
114469,
114471,
114473,
114477,
114479,
114481,
114483,
114485,
114487,
114489,
114491,
114494,
114496,
114498,
114500,
114502,
114504,
114508,
114510,
114512,
114514,
114516,
114538,
114546,
114548,
114550,
114552,
114554,
114559,
114561,
114563,
114565,
114567,
114569,
114571,
114573,
114575,
114577,
114579,
114581,
114583,
114585,
114587,
114589,
114591,
114593,
114595,
114599,
114603,
114605,
114607,
114609,
114615,
114617,
114619,
114624,
114640,
114642,
114644,
114646,
114648,
114650,
114652,
114654,
114656,
114658,
114661,
114663,
114665,
114668,
114681,
114688,
114690,
114692,
114696,
114701,
114703,
114705,
114707,
114711,
114713,
114717,
114719,
114721,
114723,
114725,
114727,
114729,
114731,
114733,
114735,
114737,
114739,
114741,
114743,
114747,
114749,
114751,
114753,
114758,
114774,
114778,
114780,
114782,
114784,
114789,
114852,
114854,
114856,
114858,
114860,
114862,
114864,
114866,
114868,
114870,
114872,
114874,
114876,
114878,
114882,
114884,
114916,
114918,
114920,
114922,
114924,
114926,
114928,
114930,
114932,
114934,
114936,
114938,
114940,
114942,
114944,
114946,
114948,
114950,
114952,
114954,
114956,
114958,
114960,
114962,
114968,
114970,
114972,
114977,
114979,
114983,
114985,
115010,
115012,
115014,
115016,
115018,
115020,
115022,
115024,
115026,
115028,
115030,
115032,
115034,
115037,
115039,
115041,
115043,
115045,
115047,
115049,
115051,
115053,
115055,
115057,
115059,
115061,
115063,
115065,
115067,
115069,
115078,
115080,
115082,
115089,
115091,
115096,
115098,
115100,
115102,
115104,
115106,
115108,
115110,
115112,
115114,
115116,
115118,
115120,
115122,
115124,
115126,
115128,
115130,
115132,
115134,
115136,
115138,
115140,
115142,
115144,
115146,
115148,
115154,
115157,
115160,
115163,
115165,
115168,
115171,
115179,
115181,
115183,
115185,
115188,
115194,
115202,
115204,
115206,
115208,
115210,
115212,
115214,
115216,
115218,
115220,
115222,
115224,
115228,
115230,
115232,
115234,
115236,
115238,
115242,
115244,
115246,
115248,
115250,
115252,
115254,
115256,
115258,
115260,
115262,
115264,
115266,
115268,
115270,
115272,
115274,
115276,
115278,
115280,
115282,
115284,
115286,
115288,
115290,
115292,
115294,
115296,
115298,
115300,
115302,
115304,
115306,
115308,
115310,
115312,
115314,
115316,
115318,
115320,
115322,
115324,
115326,
115328,
115330,
115332,
115334,
115336,
115343,
115345,
115356,
115358,
115360,
115362,
115364,
115369,
115371,
115375,
115377,
115379,
115381,
115383,
115385,
115387,
115389,
115391,
115393,
115395,
115397,
115401,
115403,
115405,
115407,
115409,
115411,
115413,
115415,
115417,
115419,
115421,
115423,
115425,
115429,
115432,
115434,
115436,
115438,
115440,
115442,
115446,
115469,
115471,
115473,
115475,
115477,
115479,
115482,
115484,
115486,
115488,
115490,
115492,
115494,
115496,
115498,
115500,
115502,
115504,
115506,
115508,
115510,
115513,
115515,
115517,
115520,
115530,
115535,
115537,
115539,
115541,
115543,
115545,
115547,
115549,
115551,
115553,
115555,
115557,
115559,
115561,
115563,
115565,
115567,
115569,
115571,
115573,
115575,
115577,
115579,
115581,
115583,
115585,
115587,
115589,
115591,
115593,
115595,
115597,
115599,
115611,
115613,
115622,
115624,
115627,
115629,
115631,
115633,
115635,
